country	estimate
Australia	68.4005128205128
New Zealand	68.6869230769231
